[
  {
    "symbol": "ORCL",
    "current_price": 329.415,
    "strike": 320,
    "entry": 12.5,
    "probability": 40.58499999999998,
    "recommendation": "CONSIDER",
    "timestamp": "14:16:30"
  },
  {
    "symbol": "SPXW",
    "current_price": 0,
    "strike": 6550,
    "entry": 0.6,
    "probability": 10,
    "recommendation": "AVOID",
    "timestamp": "14:16:29"
  },
  {
    "symbol": "SPXW",
    "current_price": 0,
    "strike": 6510,
    "entry": 0.9,
    "probability": 90,
    "recommendation": "BUY",
    "timestamp": "14:16:30"
  }
]