{
  "timestamp": "2025-09-10T06:00:00Z",
  "command": "spx_now",
  "key_findings": {
    "rsi_divergence": "5min RSI 28.3 oversold at session highs - bullish divergence signal",
    "triangle_pattern": "Symmetrical triangle compression continues, needs catalyst",
    "volume_confirmation": "66.1M volume shows strong institutional interest",
    "position": "Holding session highs despite oversold RSI"
  },
  "option_setups": {
    "primary": "6490P @$2.50-3.50 below 648 support - HIGH confidence reversal",
    "secondary": "6510C @$3.00-4.00 above 651 resistance - MEDIUM confidence breakout"
  },
  "risk_factors": [
    "Markets closed - overnight gap risk",
    "RSI extreme readings can persist",
    "Triangle pattern needs volume catalyst"
  ]
}