{
  "date": "2025-09-10",
  "spx_levels": {
    "current": 6503,
    "support_zones": [
      {"level": 6480, "strength": "strong", "description": "Key support from structure analysis"},
      {"level": 6490, "strength": "medium", "description": "Secondary support level"}
    ],
    "resistance_zones": [
      {"level": 6510, "strength": "strong", "description": "Session high resistance"},
      {"level": 6520, "strength": "medium", "description": "Extended resistance target"}
    ],
    "range": {
      "low": 6472,
      "high": 6509,
      "width": 37
    }
  },
  "spy_reference": {
    "price": 650.33,
    "range_low": 647.22,
    "range_high": 650.86
  },
  "pattern_analysis": "Symmetrical triangle compression - needs catalyst for breakout"
}