{
  "analysis_date": "2025-09-10T06:01:00Z",
  "simulation_parameters": {
    "current_spx": 6503,
    "time_to_expiry_hours": 16,
    "historical_vol": 8.9,
    "simulations_per_scenario": 50000
  },
  "recommendations": {
    "primary_play": {
      "setup": "6510 Calls @ $3.50",
      "breakeven": 6514,
      "base_case_win_rate": 34.6,
      "expected_value": 3.55,
      "confidence": "MEDIUM-HIGH",
      "rationale": "Higher win rate, positive EV all scenarios, aligns with oversold RSI"
    },
    "secondary_play": {
      "setup": "6490 Puts @ $3.00", 
      "breakeven": 6487,
      "base_case_win_rate": 25.0,
      "expected_value": 1.52,
      "confidence": "MEDIUM",
      "rationale": "Vol-dependent, needs significant breakdown"
    }
  },
  "key_findings": {
    "call_advantage": "Calls show 35-41% win rate vs 20-35% for puts",
    "vol_sensitivity": "Both plays highly sensitive to volatility expansion",
    "time_decay_risk": "Extreme theta risk due to 0DTE expiration", 
    "gap_risk": "Overnight positions vulnerable to gap moves"
  },
  "position_sizing": "2-3% of account per trade due to high total loss probability"
}