{
  "Low Vol": {
    "vol_used": 7.108170760524712,
    "put_analysis": {
      "prob_profit": 20.164,
      "prob_50pct_profit": 18.066,
      "prob_100pct_profit": 16.13,
      "avg_pnl": -0.10569656337576755,
      "max_profit": 71.12512443439846,
      "max_loss": -3.0,
      "breakeven": 6487.0,
      "prob_itm": 24.832,
      "avg_profit_when_win": 11.00688650894002,
      "avg_loss_when_lose": -2.912376821281669
    },
    "call_analysis": {
      "prob_profit": 30.684,
      "prob_50pct_profit": 27.618,
      "prob_100pct_profit": 24.846,
      "avg_pnl": 1.5718121220221377,
      "max_profit": 79.10097472807956,
      "max_loss": -3.5,
      "breakeven": 6513.5,
      "prob_itm": 37.098,
      "avg_profit_when_win": 12.66585651321254,
      "avg_loss_when_lose": -3.339170307709617
    },
    "price_stats": {
      "avg_final_price": 6503.5262088449035,
      "std_final_price": 19.759630639254453,
      "prob_above_6510": 37.098,
      "prob_below_6490": 24.832,
      "prob_in_range": 38.07
    }
  },
  "Base Vol": {
    "vol_used": 8.88521345065589,
    "put_analysis": {
      "prob_profit": 25.0,
      "prob_50pct_profit": 23.152,
      "prob_100pct_profit": 21.384,
      "avg_pnl": 1.5225847046760277,
      "max_profit": 83.62953443586139,
      "max_loss": -3.0,
      "breakeven": 6487.0,
      "prob_itm": 28.988000000000003,
      "avg_profit_when_win": 14.852736494635637,
      "avg_loss_when_lose": -2.9207992253105095
    },
    "call_analysis": {
      "prob_profit": 34.592,
      "prob_50pct_profit": 31.964,
      "prob_100pct_profit": 29.5,
      "avg_pnl": 3.549219490515954,
      "max_profit": 94.54937013233939,
      "max_loss": -3.5,
      "breakeven": 6513.5,
      "prob_itm": 39.989999999999995,
      "avg_profit_when_win": 16.611833991398576,
      "avg_loss_when_lose": -3.35913974405064
    },
    "price_stats": {
      "avg_final_price": 6503.685401220048,
      "std_final_price": 24.76902813074846,
      "prob_above_6510": 39.989999999999995,
      "prob_below_6490": 28.988000000000003,
      "prob_in_range": 31.022
    }
  },
  "High Vol": {
    "vol_used": 11.550777485852658,
    "put_analysis": {
      "prob_profit": 30.474,
      "prob_50pct_profit": 28.87,
      "prob_100pct_profit": 27.250000000000004,
      "avg_pnl": 4.126409974321177,
      "max_profit": 135.45524308311087,
      "max_loss": -3.0,
      "breakeven": 6487.0,
      "prob_itm": 33.79,
      "avg_profit_when_win": 20.22304068148777,
      "avg_loss_when_lose": -2.9289178767013837
    },
    "call_analysis": {
      "prob_profit": 37.616,
      "prob_50pct_profit": 35.574,
      "prob_100pct_profit": 33.586,
      "avg_pnl": 6.27180851036316,
      "max_profit": 128.40202913589837,
      "max_loss": -3.5,
      "breakeven": 6513.5,
      "prob_itm": 41.660000000000004,
      "avg_profit_when_win": 22.293010793116306,
      "avg_loss_when_lose": -3.3885778878806567
    },
    "price_stats": {
      "avg_final_price": 6503.455217045519,
      "std_final_price": 31.998289328483157,
      "prob_above_6510": 41.660000000000004,
      "prob_below_6490": 33.79,
      "prob_in_range": 24.55
    }
  },
  "Extreme Vol": {
    "vol_used": 15.993384211180603,
    "put_analysis": {
      "prob_profit": 35.449999999999996,
      "prob_50pct_profit": 34.239999999999995,
      "prob_100pct_profit": 32.934000000000005,
      "avg_pnl": 8.65354685375685,
      "max_profit": 147.8550101191886,
      "max_loss": -3.0,
      "breakeven": 6487.0,
      "prob_itm": 38.072,
      "avg_profit_when_win": 29.764157751403403,
      "avg_loss_when_lose": -2.9401193944471813
    },
    "call_analysis": {
      "prob_profit": 41.042,
      "prob_50pct_profit": 39.489999999999995,
      "prob_100pct_profit": 37.996,
      "avg_pnl": 11.191555254823323,
      "max_profit": 225.81338991524808,
      "max_loss": -3.5,
      "breakeven": 6513.5,
      "prob_itm": 44.088,
      "avg_profit_when_win": 32.16070864024776,
      "avg_loss_when_lose": -3.405547653087221
    },
    "price_stats": {
      "avg_final_price": 6503.636743007672,
      "std_final_price": 44.270174297993655,
      "prob_above_6510": 44.088,
      "prob_below_6490": 38.072,
      "prob_in_range": 17.84
    }
  }
}