{
  "timestamp": "2025-09-10T06:00:00Z",
  "analysis_type": "spx_now_comprehensive", 
  "spx_estimate": 6503,
  "spy_price": 650.33,
  "session_range": {
    "low": 647.22,
    "high": 650.86,
    "current": 650.33
  },
  "key_levels": {
    "support": [648, 649],
    "resistance": [651, 652]
  },
  "technical_indicators": {
    "rsi_5min": 28.3,
    "rsi_15min": 43.6,
    "volume": "66.1M",
    "pattern": "symmetrical_triangle",
    "divergence": "RSI oversold at session highs - bullish divergence"
  },
  "market_status": "closed",
  "trading_plan": {
    "bearish_setup": "6490 puts @ $2.50-3.50 if breaks 648 support - HIGH confidence",
    "bullish_setup": "6510 calls @ $3.00-4.00 if breaks 651 resistance - MEDIUM confidence",
    "key_insight": "RSI 28.3 oversold condition with triangle compression"
  },
  "session_continuity": "Loaded previous structure analysis, updated with oversold RSI divergence"
}